City_ID,City,Country,Date,Lat,Lng,Max Temp,Humidity,Cloudiness,Wind Speed,Current Description
0,Busselton,AU,2020-11-28 17:00:34,-33.65,115.33,48.0,91,69,7.99,broken clouds
1,Sisimiut,GL,2020-11-28 17:03:05,66.94,-53.67,18.5,85,73,11.86,broken clouds
2,Thompson,CA,2020-11-28 17:03:06,55.74,-97.86,12.2,92,90,2.24,light snow
3,Ribeira Grande,PT,2020-11-28 17:03:06,38.52,-28.7,57.2,62,40,4.7,scattered clouds
4,Butaritari,KI,2020-11-28 17:03:06,3.07,172.79,81.72,81,21,17.69,few clouds
5,Olga,RU,2020-11-28 17:03:06,43.74,135.29,17.13,85,0,8.97,clear sky
6,Marienburg,PL,2020-11-28 16:58:59,54.04,19.03,39.0,100,99,8.03,light rain
7,Atuona,PF,2020-11-28 17:03:06,-9.8,-139.03,79.2,72,1,20.89,clear sky
8,Luderitz,NA,2020-11-28 17:03:07,-26.65,15.16,71.6,60,0,29.97,clear sky
9,Rikitea,PF,2020-11-28 17:03:07,-23.12,-134.97,76.39,83,98,13.04,overcast clouds
10,Bonthe,SL,2020-11-28 17:03:07,7.53,-12.51,83.46,70,19,7.92,light rain
11,Mandalgovi,MN,2020-11-28 17:03:07,45.76,106.27,0.27,90,0,12.06,clear sky
12,Makakilo City,US,2020-11-28 17:00:32,21.35,-158.09,71.6,73,1,3.36,clear sky
13,Upernavik,GL,2020-11-28 17:03:07,72.79,-56.15,-0.58,72,77,6.78,broken clouds
14,Port Alfred,ZA,2020-11-28 17:03:07,-33.59,26.89,67.77,78,73,12.17,light rain
15,Kayerkan,RU,2020-11-28 17:03:07,69.35,87.76,10.4,85,90,22.37,light snow
16,Barrow,US,2020-11-28 17:00:02,71.29,-156.79,8.6,78,90,8.05,overcast clouds
17,Puerto Ayora,EC,2020-11-28 17:03:07,-0.74,-90.35,77.0,73,75,14.99,broken clouds
18,Kapaa,US,2020-11-28 17:03:08,22.08,-159.32,71.6,64,40,10.29,scattered clouds
19,Victoria,HK,2020-11-28 17:00:05,22.29,114.16,68.0,67,0,10.74,clear sky
20,Iaciara,BR,2020-11-28 16:58:47,-14.1,-46.63,85.51,49,35,8.08,scattered clouds
21,Jamestown,US,2020-11-28 17:02:50,42.1,-79.24,39.0,69,90,10.29,overcast clouds
22,Wenling,CN,2020-11-28 17:03:08,28.37,121.36,55.0,74,100,11.36,overcast clouds
23,New Norfolk,AU,2020-11-28 17:03:08,-42.78,147.06,57.99,74,100,2.35,light rain
24,Ushuaia,AR,2020-11-28 17:01:01,-54.8,-68.3,42.8,75,40,14.99,scattered clouds
25,Bethel,US,2020-11-28 17:03:08,41.37,-73.41,53.01,57,40,10.29,scattered clouds
26,Naryan-Mar,RU,2020-11-28 17:03:08,67.67,53.09,14.11,95,91,13.29,overcast clouds
27,Mehamn,NO,2020-11-28 17:03:09,71.04,27.85,35.04,84,100,13.31,overcast clouds
28,Diebougou,BF,2020-11-28 17:03:09,10.97,-3.25,95.25,17,1,4.03,clear sky
29,Adrar,MR,2020-11-28 17:03:09,20.5,-10.07,72.97,24,51,7.29,broken clouds
30,Cape Town,ZA,2020-11-28 16:59:14,-33.93,18.42,69.01,63,20,25.28,few clouds
31,Verkhnevilyuysk,RU,2020-11-28 17:03:09,63.45,120.32,-5.21,91,95,6.73,overcast clouds
32,Kahului,US,2020-11-28 17:00:36,20.89,-156.47,71.6,78,75,6.93,broken clouds
33,Mataura,NZ,2020-11-28 17:03:09,-46.19,168.86,52.0,80,45,8.99,scattered clouds
34,Sterlitamak,RU,2020-11-28 17:03:09,53.62,55.95,18.21,96,96,3.94,overcast clouds
35,Arraial Do Cabo,BR,2020-11-28 17:03:10,-22.97,-42.03,84.2,69,20,20.8,few clouds
36,Sitka,US,2020-11-28 17:03:10,57.05,-135.33,39.2,80,90,24.16,light rain
37,Ambeloi,GR,2020-11-28 17:03:10,41.0,23.37,51.01,79,64,1.01,broken clouds
38,Ancud,CL,2020-11-28 17:03:10,-41.87,-73.82,59.0,76,90,9.17,overcast clouds
39,Longyearbyen,SJ,2020-11-28 17:03:10,78.22,15.64,24.8,73,90,29.97,light snow
40,Takab,IR,2020-11-28 17:03:10,36.4,47.11,37.74,79,100,8.68,overcast clouds
41,Punta Arenas,CL,2020-11-28 17:03:10,-53.15,-70.92,44.6,65,75,13.87,broken clouds
42,Yellowknife,CA,2020-11-28 17:03:11,62.46,-114.35,-11.99,75,20,2.24,few clouds
43,Hithadhoo,MV,2020-11-28 17:03:11,-0.6,73.08,81.91,75,81,8.61,broken clouds
44,Port Elizabeth,ZA,2020-11-28 17:03:11,-33.92,25.57,64.4,93,90,8.05,overcast clouds
45,Tasiilaq,GL,2020-11-28 17:03:11,65.61,-37.64,14.0,47,20,1.12,few clouds
46,Sorong,ID,2020-11-28 17:03:11,-0.88,131.25,80.26,79,80,2.89,broken clouds
47,Catuday,PH,2020-11-28 17:03:11,16.29,119.81,79.07,80,20,10.89,moderate rain
48,Hobart,AU,2020-11-28 17:00:04,-42.88,147.33,57.99,76,90,8.05,overcast clouds
49,Salinopolis,BR,2020-11-28 17:03:11,-0.61,-47.36,85.19,70,30,13.58,light rain
50,Hermanus,ZA,2020-11-28 17:03:12,-34.42,19.23,66.99,64,10,5.01,clear sky
51,Coihueco,CL,2020-11-28 17:03:12,-36.62,-71.83,71.6,43,0,5.82,clear sky
52,Ilhabela,BR,2020-11-28 17:03:12,-23.78,-45.36,80.51,70,3,5.75,clear sky
53,Wanning,CN,2020-11-28 17:03:12,18.8,110.4,70.36,82,99,16.22,overcast clouds
54,Neuquen,AR,2020-11-28 17:03:12,-38.95,-68.06,82.4,24,0,5.82,clear sky
55,Bridlington,GB,2020-11-28 17:03:12,54.08,-0.19,48.2,93,98,5.82,overcast clouds
56,East London,ZA,2020-11-28 17:03:12,-33.02,27.91,71.6,68,0,9.17,clear sky
57,Kavieng,PG,2020-11-28 17:03:13,-2.57,150.8,82.69,82,99,15.12,light rain
58,Hilo,US,2020-11-28 17:03:13,19.73,-155.09,66.2,82,1,5.82,clear sky
59,Aksu,CN,2020-11-28 17:03:13,41.12,80.26,26.31,82,8,4.41,clear sky
60,Ilulissat,GL,2020-11-28 17:01:41,69.22,-51.1,10.4,51,20,4.7,few clouds
61,Bara,NG,2020-11-28 17:03:13,10.37,10.73,91.4,19,0,11.41,clear sky
62,Banda Aceh,ID,2020-11-28 17:03:13,5.56,95.32,77.22,86,100,7.27,overcast clouds
63,Sakaiminato,JP,2020-11-28 17:03:13,35.55,133.23,46.4,93,75,6.93,broken clouds
64,Cidreira,BR,2020-11-28 17:03:13,-30.18,-50.21,76.89,76,92,18.39,light rain
65,Ranfurly,NZ,2020-11-28 17:03:14,-45.13,170.1,36.0,93,1,3.78,clear sky
66,Lasa,IT,2020-11-28 17:03:14,46.62,10.7,36.0,69,5,3.36,clear sky
67,Yiyang,CN,2020-11-28 17:03:14,28.59,112.33,39.74,91,12,4.83,few clouds
68,Qaanaaq,GL,2020-11-28 17:03:14,77.48,-69.36,-0.58,85,100,6.31,overcast clouds
69,Saint George,US,2020-11-28 17:03:14,37.1,-113.58,30.2,46,1,4.7,clear sky
70,Luena,AO,2020-11-28 17:03:14,-11.78,19.92,67.26,88,79,2.51,broken clouds
71,Kaeo,NZ,2020-11-28 17:03:14,-35.1,173.78,48.99,93,41,1.99,scattered clouds
72,Bluff,NZ,2020-11-28 17:03:14,-46.6,168.33,52.0,80,69,8.99,broken clouds
73,Port Lincoln,AU,2020-11-28 17:03:15,-34.73,135.87,58.46,69,36,15.64,scattered clouds
74,Anadyr,RU,2020-11-28 17:03:15,64.75,177.48,6.8,84,0,2.24,clear sky
75,Anloga,GH,2020-11-28 17:03:15,5.79,0.9,86.0,66,40,3.36,scattered clouds
76,Tuatapere,NZ,2020-11-28 17:03:15,-46.13,167.68,52.0,80,47,8.99,scattered clouds
77,Geraldton,AU,2020-11-28 17:03:15,-28.77,114.6,60.8,67,82,10.29,broken clouds
78,Guerrero Negro,MX,2020-11-28 17:03:16,27.98,-114.06,63.19,38,55,1.3,broken clouds
79,Pierre,US,2020-11-28 17:01:01,44.37,-100.35,37.4,44,1,9.17,clear sky
80,Chivilcoy,AR,2020-11-28 17:01:56,-34.9,-60.02,77.04,73,100,7.63,overcast clouds
81,Carnarvon,AU,2020-11-28 17:03:16,-24.87,113.63,69.8,83,35,18.34,scattered clouds
82,Bambanglipuro,ID,2020-11-28 17:03:16,-7.95,110.28,76.14,92,100,2.04,light rain
83,Nikolskoye,RU,2020-11-28 17:03:16,59.7,30.79,33.8,80,90,13.42,overcast clouds
84,Angoche,MZ,2020-11-28 17:03:16,-16.23,39.91,80.13,82,5,7.18,clear sky
85,Margate,GB,2020-11-28 17:03:17,51.38,1.39,50.0,84,0,11.83,clear sky
86,Khorixas,NA,2020-11-28 17:03:17,-20.37,14.97,76.59,48,83,2.21,light rain
87,Josanicka Banja,RS,2020-11-28 17:03:17,43.39,20.75,32.0,71,90,2.24,mist
88,Emerald,AU,2020-11-28 17:03:17,-23.53,148.17,71.6,73,1,6.93,clear sky
89,Dikson,RU,2020-11-28 17:03:17,73.51,80.55,28.56,99,100,27.72,light snow
90,Albany,US,2020-11-28 17:02:19,42.6,-73.97,50.0,59,87,3.0,overcast clouds
91,Khilok,RU,2020-11-28 17:03:17,51.37,110.47,8.06,93,98,4.85,overcast clouds
92,Russell,US,2020-11-28 17:03:17,32.35,-85.2,62.6,77,40,5.82,scattered clouds
93,Katsuura,JP,2020-11-28 17:03:17,35.13,140.3,51.01,53,75,14.99,broken clouds
94,Castro,BR,2020-11-28 17:03:18,-24.79,-50.01,84.36,43,6,0.92,clear sky
95,Turukhansk,RU,2020-11-28 17:03:18,65.82,87.98,-2.54,93,100,6.42,overcast clouds
96,Atbasar,KZ,2020-11-28 17:03:18,51.8,68.33,11.32,94,100,11.07,overcast clouds
97,Provideniya,RU,2020-11-28 17:03:18,64.38,-173.3,17.74,91,59,14.74,broken clouds
98,Buchanan,LR,2020-11-28 17:03:18,5.88,-10.05,86.0,74,75,11.41,broken clouds
99,Homer,US,2020-11-28 17:03:18,59.64,-151.55,37.99,93,20,8.05,few clouds
100,Severo-Kurilsk,RU,2020-11-28 17:03:18,50.68,156.12,25.48,90,64,4.72,broken clouds
101,Chumikan,RU,2020-11-28 17:03:18,54.72,135.31,4.71,89,100,13.8,overcast clouds
102,Balkanabat,TM,2020-11-28 17:03:18,39.51,54.37,44.89,58,100,16.55,overcast clouds
103,Havelock,US,2020-11-28 17:00:40,34.88,-76.9,57.99,87,90,5.82,overcast clouds
104,Tilichiki,RU,2020-11-28 17:03:19,60.47,166.1,2.28,91,91,11.07,overcast clouds
105,Vao,NC,2020-11-28 17:03:19,-22.67,167.48,71.78,67,6,14.45,clear sky
106,Alexandria,EG,2020-11-28 17:00:00,31.22,29.96,66.2,63,40,8.05,scattered clouds
107,Mahebourg,MU,2020-11-28 17:03:19,-20.41,57.7,75.2,78,40,12.03,scattered clouds
108,Vardo,NO,2020-11-28 17:03:19,70.37,31.11,33.91,89,100,26.75,overcast clouds
109,Bengkulu,ID,2020-11-28 17:03:19,-3.8,102.27,72.43,92,100,4.81,overcast clouds
110,Yamada,JP,2020-11-28 17:03:19,39.47,141.95,34.09,86,0,4.9,clear sky
111,Azul,AR,2020-11-28 17:00:02,-36.78,-59.86,83.77,45,96,9.55,overcast clouds
112,Shimoda,JP,2020-11-28 17:03:12,34.67,138.95,44.01,71,91,8.37,overcast clouds
113,Inuvik,CA,2020-11-28 17:00:54,68.35,-133.72,5.0,84,63,1.9,broken clouds
114,Kruisfontein,ZA,2020-11-28 17:03:20,-34.0,24.73,63.0,94,91,4.0,light rain
115,Beloha,MG,2020-11-28 17:03:20,-25.17,45.05,74.44,80,57,15.5,broken clouds
116,Rajapolah,ID,2020-11-28 17:03:20,-7.22,108.19,72.21,88,99,0.2,light rain
117,Hualmay,PE,2020-11-28 17:03:20,-11.1,-77.61,72.1,61,71,11.21,broken clouds
118,Paita,PE,2020-11-28 17:03:20,-5.09,-81.11,80.6,57,0,12.75,clear sky
119,Vaini,TO,2020-11-28 17:03:20,-21.2,-175.2,75.2,94,40,5.82,scattered clouds
120,Mar Del Plata,AR,2020-11-28 17:00:00,-38.0,-57.56,84.2,54,90,12.75,overcast clouds
121,Norman Wells,CA,2020-11-28 17:03:21,65.28,-126.83,-18.4,82,40,2.24,scattered clouds
122,Sorland,NO,2020-11-28 17:03:21,67.67,12.69,44.85,86,100,27.92,light rain
123,Nanortalik,GL,2020-11-28 17:03:21,60.14,-45.24,34.54,88,100,15.68,light snow
124,Dongsheng,CN,2020-11-28 17:01:25,39.82,109.98,14.86,95,35,9.78,scattered clouds
125,Hoa Binh,VN,2020-11-28 17:03:21,20.81,105.34,66.2,59,0,10.29,clear sky
126,Berlevag,NO,2020-11-28 17:03:21,70.86,29.09,33.01,90,100,21.41,overcast clouds
127,Ahuimanu,US,2020-11-28 17:03:21,21.44,-157.84,73.99,68,20,6.93,few clouds
128,Alofi,NU,2020-11-28 17:03:21,-19.06,-169.92,75.2,100,100,6.93,light rain
129,Aitape,PG,2020-11-28 17:03:21,-3.14,142.35,78.44,84,100,5.35,moderate rain
130,Aklavik,CA,2020-11-28 17:02:02,68.22,-135.01,5.0,84,84,5.17,broken clouds
131,Nurota,UZ,2020-11-28 17:03:22,40.56,65.69,32.0,92,0,6.93,clear sky
132,Cayenne,GF,2020-11-28 17:00:29,4.93,-52.33,75.2,100,8,9.62,mist
133,Hambantota,LK,2020-11-28 17:03:22,6.12,81.12,78.28,82,100,2.62,overcast clouds
134,Alvorada,BR,2020-11-28 17:03:22,-12.48,-49.12,95.0,36,33,10.16,scattered clouds
135,Mopipi,BW,2020-11-28 17:03:22,-21.18,24.88,85.19,42,30,11.48,scattered clouds
136,Shache,CN,2020-11-28 17:03:22,38.42,77.24,23.83,87,7,4.47,clear sky
137,Filadelfia,US,2020-11-28 17:00:23,39.95,-75.16,57.99,47,75,12.75,broken clouds
138,Kathu,TH,2020-11-28 17:03:23,7.92,98.33,77.0,94,75,3.36,broken clouds
139,Pangnirtung,CA,2020-11-28 17:03:23,66.15,-65.71,21.2,67,90,6.93,overcast clouds
140,Halden,NO,2020-11-28 17:03:23,59.12,11.39,30.2,92,0,1.12,fog
141,Te Anau,NZ,2020-11-28 17:03:23,-45.42,167.72,43.34,88,68,0.85,broken clouds
142,Tura,IN,2020-11-28 17:03:23,25.52,90.22,62.64,68,0,4.07,clear sky
143,Paamiut,GL,2020-11-28 17:03:23,61.99,-49.67,32.31,97,100,17.38,light snow
144,Bud,US,2020-11-28 17:03:24,39.45,-86.18,44.01,68,0,3.4,clear sky
145,Boa Vista,BR,2020-11-28 17:02:58,2.82,-60.67,89.6,52,75,9.17,broken clouds
146,Los Llanos De Aridane,ES,2020-11-28 17:03:24,28.66,-17.92,69.8,60,20,3.36,few clouds
147,Buala,SB,2020-11-28 17:03:24,-8.14,159.59,81.37,74,64,3.51,broken clouds
148,Husavik,IS,2020-11-28 17:03:24,66.04,-17.34,33.8,59,75,11.41,broken clouds
149,Neiafu,TO,2020-11-28 17:03:24,-18.65,-173.98,78.8,88,75,6.93,broken clouds
150,Metro,ID,2020-11-28 17:03:25,-5.11,105.31,74.39,88,68,4.92,broken clouds
151,Ugoofaaru,MV,2020-11-28 17:03:25,5.67,73.0,83.12,62,40,4.99,scattered clouds
152,Itaituba,BR,2020-11-28 17:03:25,-4.28,-55.98,93.2,56,40,10.29,scattered clouds
153,Nhulunbuy,AU,2020-11-28 17:03:25,-12.23,136.77,80.6,74,40,3.09,scattered clouds
154,Altay,CN,2020-11-28 17:03:25,47.87,88.12,19.78,74,83,4.29,broken clouds
155,Verin,ES,2020-11-28 17:03:25,41.94,-7.44,54.0,80,95,3.0,overcast clouds
156,Shirokiy,RU,2020-11-28 17:03:25,49.76,129.52,3.09,92,11,7.9,few clouds
157,Kodiak,US,2020-11-28 17:03:26,57.79,-152.41,32.0,82,20,4.61,few clouds
158,Hofn,IS,2020-11-28 17:03:26,64.25,-15.21,37.49,77,97,11.68,overcast clouds
159,Hami,CN,2020-11-28 17:03:26,42.8,93.45,23.68,80,24,3.49,few clouds
160,Gummidipundi,IN,2020-11-28 17:03:26,13.4,80.15,80.6,94,75,2.24,broken clouds
161,Santa Fe,AR,2020-11-28 17:01:52,-31.63,-60.7,82.99,88,90,21.92,heavy intensity rain
162,Grindavik,IS,2020-11-28 17:03:26,63.84,-22.43,33.8,100,75,10.29,light rain
163,Kaitangata,NZ,2020-11-28 17:03:26,-46.28,169.85,52.0,96,72,1.99,broken clouds
164,Port Macquarie,AU,2020-11-28 17:03:26,-31.43,152.92,64.99,89,95,10.11,overcast clouds
165,Honningsvag,NO,2020-11-28 17:03:26,70.98,25.97,37.81,79,100,22.48,overcast clouds
166,Tshikapa,CD,2020-11-28 17:03:27,-6.42,20.8,73.08,91,100,4.12,light rain
167,Caravelas,BR,2020-11-28 17:03:27,-17.71,-39.25,81.93,64,14,9.24,few clouds
168,Stornoway,GB,2020-11-28 17:03:27,58.21,-6.39,46.4,87,31,9.17,scattered clouds
169,Holme,DK,2020-11-28 17:03:27,56.11,10.17,35.6,100,0,5.82,clear sky
170,Saint-Joseph,RE,2020-11-28 17:03:27,-21.37,55.62,77.0,69,75,9.86,broken clouds
171,Ankang,CN,2020-11-28 17:03:27,32.68,109.02,39.0,54,79,1.99,broken clouds
172,Saint-Augustin,CA,2020-11-28 17:03:27,51.23,-58.65,34.79,82,69,7.29,broken clouds
173,Butterworth,MY,2020-11-28 17:03:27,5.4,100.36,77.0,94,20,5.55,few clouds
174,Narsaq,GL,2020-11-28 17:03:27,60.92,-46.05,33.8,80,75,12.75,broken clouds
175,Saint-Philippe,RE,2020-11-28 17:03:28,-21.36,55.77,77.0,69,75,10.36,broken clouds
176,Zhezkazgan,KZ,2020-11-28 17:03:28,47.8,67.71,13.28,94,27,15.66,scattered clouds
177,Bredasdorp,ZA,2020-11-28 17:03:28,-34.53,20.04,68.0,60,43,10.29,scattered clouds
178,Duldurga,RU,2020-11-28 17:03:28,50.68,113.59,7.38,91,22,5.26,few clouds
179,Sao Filipe,CV,2020-11-28 17:03:28,14.9,-24.5,76.35,69,89,10.6,overcast clouds
180,Busca,IT,2020-11-28 17:03:28,44.52,7.47,44.01,100,99,3.36,light intensity drizzle
181,Mulanje,MW,2020-11-28 17:03:28,-16.03,35.5,79.93,54,93,4.18,overcast clouds
182,Ponta Do Sol,PT,2020-11-28 17:03:28,32.67,-17.1,62.6,59,40,17.22,scattered clouds
183,Yumen,CN,2020-11-28 17:03:29,40.28,97.2,20.98,81,95,7.45,overcast clouds
184,Ahipara,NZ,2020-11-28 17:03:29,-35.17,173.17,56.08,73,57,6.42,broken clouds
185,Lebu,CL,2020-11-28 17:03:29,-37.62,-73.65,60.26,78,91,8.08,overcast clouds
186,Siderno,IT,2020-11-28 17:03:29,38.28,16.3,64.99,72,75,18.34,broken clouds
187,Meulaboh,ID,2020-11-28 17:03:29,4.14,96.13,76.33,84,100,3.76,overcast clouds
188,Jardim,BR,2020-11-28 17:01:04,-21.48,-56.14,96.73,31,29,3.91,scattered clouds
189,Isangel,VU,2020-11-28 17:03:29,-19.55,169.27,73.56,80,18,12.46,few clouds
190,Avarua,CK,2020-11-28 17:03:29,-21.21,-159.78,77.0,88,61,9.17,broken clouds
191,Langsa,ID,2020-11-28 17:03:29,4.47,97.97,74.86,94,100,2.91,heavy intensity rain
192,Olinda,BR,2020-11-28 17:03:30,-8.01,-34.86,82.4,58,40,13.87,scattered clouds
193,Sakakah,SA,2020-11-28 17:03:30,29.97,40.21,56.82,73,86,13.71,overcast clouds
194,Maceio,BR,2020-11-28 17:03:30,-9.67,-35.74,84.2,51,20,12.75,few clouds
195,Pevek,RU,2020-11-28 17:03:30,69.7,170.31,11.21,97,100,4.47,overcast clouds
196,Saldanha,ZA,2020-11-28 17:03:30,-33.01,17.94,69.8,56,0,25.28,clear sky
197,Constitucion,CL,2020-11-28 17:03:30,-35.33,-72.42,65.12,55,1,15.64,clear sky
198,Sehithwa,BW,2020-11-28 17:03:30,-20.47,22.72,87.24,36,78,5.01,broken clouds
199,Shediac,CA,2020-11-28 17:03:30,46.22,-64.54,41.0,100,90,8.05,overcast clouds
200,Maarianhamina,AX,2020-11-28 17:03:30,60.1,19.93,33.8,80,90,3.36,overcast clouds
201,Ulladulla,AU,2020-11-28 17:03:30,-35.35,150.47,82.4,45,100,12.75,overcast clouds
202,Road Town,VG,2020-11-28 17:03:31,18.42,-64.62,82.4,78,20,2.24,few clouds
203,Bathsheba,BB,2020-11-28 17:03:31,13.22,-59.52,86.0,74,20,14.99,few clouds
204,Udachnyy,RU,2020-11-28 17:03:31,66.42,112.4,5.0,84,0,2.24,clear sky
205,Nishihara,JP,2020-11-28 17:03:31,26.18,127.76,68.0,64,75,14.99,broken clouds
206,San Patricio,US,2020-11-28 17:03:31,28.02,-97.52,70.0,94,90,23.04,mist
207,Novikovo,RU,2020-11-28 17:03:31,51.15,37.89,39.54,88,100,13.82,overcast clouds
208,Tocopilla,CL,2020-11-28 17:03:31,-22.09,-70.2,72.63,42,8,7.47,clear sky
209,Yenagoa,NG,2020-11-28 17:03:32,4.92,6.26,79.56,86,62,4.0,light rain
210,Sivas,TR,2020-11-28 16:58:36,39.79,37.0,33.8,59,0,9.17,clear sky
211,Musoma,TZ,2020-11-28 17:03:32,-1.5,33.8,73.4,88,75,5.77,broken clouds
212,Mezen,RU,2020-11-28 17:03:32,65.85,44.24,16.56,96,37,7.47,scattered clouds
213,Victor Harbor,AU,2020-11-28 17:03:32,-35.57,138.62,59.0,77,51,4.0,broken clouds
214,Maputo,MZ,2020-11-28 16:59:39,-25.97,32.59,78.8,78,20,13.87,few clouds
215,Klaksvik,FO,2020-11-28 17:03:32,62.23,-6.59,42.8,93,100,5.82,light rain
216,Ketchikan,US,2020-11-28 17:03:12,55.34,-131.65,37.4,100,90,20.8,overcast clouds
217,Hay River,CA,2020-11-28 17:00:04,60.82,-115.8,-4.0,83,24,5.82,few clouds
218,Aksha,RU,2020-11-28 17:03:32,50.28,113.29,9.39,89,77,6.33,broken clouds
219,Harper,LR,2020-11-28 17:03:33,4.38,-7.72,82.15,73,8,7.63,clear sky
220,Chapais,CA,2020-11-28 17:02:19,49.78,-74.85,26.6,92,90,6.93,overcast clouds
221,Viedma,AR,2020-11-28 17:03:33,-40.81,-63.0,82.0,33,36,4.0,scattered clouds
222,Carutapera,BR,2020-11-28 17:03:33,-1.2,-46.02,86.5,66,82,9.64,broken clouds
223,Khotyn,UA,2020-11-28 17:03:33,48.48,26.5,35.6,93,75,2.24,mist
224,Hasaki,JP,2020-11-28 17:03:33,35.73,140.83,42.8,44,75,3.36,broken clouds
225,Vanavara,RU,2020-11-28 17:03:33,60.34,102.28,1.92,93,93,4.23,overcast clouds
226,Bilibino,RU,2020-11-28 17:03:33,68.05,166.44,-1.66,90,91,2.35,overcast clouds
227,Kautokeino,NO,2020-11-28 17:03:34,69.01,23.04,23.52,96,100,13.62,overcast clouds
228,Prince Rupert,CA,2020-11-28 16:58:54,54.32,-130.32,41.0,86,20,12.75,few clouds
229,Hobyo,SO,2020-11-28 17:03:34,5.35,48.53,80.69,72,87,16.31,overcast clouds
230,Formosa Do Rio Preto,BR,2020-11-28 17:03:34,-11.05,-45.19,86.79,45,52,8.21,broken clouds
231,Marsh Harbour,BS,2020-11-28 17:03:34,26.54,-77.06,75.79,64,1,5.61,clear sky
232,Fortuna,US,2020-11-28 17:03:34,40.6,-124.16,48.0,100,1,3.36,clear sky
233,Srednekolymsk,RU,2020-11-28 17:03:34,67.45,153.68,-4.29,92,95,4.79,overcast clouds
234,Kosonsoy,UZ,2020-11-28 17:03:34,41.26,71.55,33.8,80,76,2.24,mist
235,Akureyri,IS,2020-11-28 17:03:34,65.68,-18.09,33.8,59,75,11.41,broken clouds
236,Yarada,IN,2020-11-28 17:03:35,17.65,83.27,77.0,73,90,6.93,haze
237,Luwuk,ID,2020-11-28 17:03:35,-0.95,122.79,78.89,74,95,3.0,light rain
238,Gamba,GA,2020-11-28 17:03:35,-2.65,10.0,77.13,86,35,5.99,scattered clouds
239,Misratah,LY,2020-11-28 17:03:35,32.38,15.09,70.48,48,60,14.09,broken clouds
240,Elizabeth City,US,2020-11-28 17:03:35,36.29,-76.25,59.0,93,40,5.82,scattered clouds
241,Amiens,FR,2020-11-28 17:01:01,49.9,2.3,44.6,87,0,6.93,clear sky
242,North Bend,US,2020-11-28 16:59:02,43.41,-124.22,37.4,93,1,11.41,clear sky
243,Acapulco,MX,2020-11-28 17:03:35,16.86,-99.89,85.26,65,93,3.44,overcast clouds
244,Iqaluit,CA,2020-11-28 17:03:35,63.75,-68.51,23.0,92,75,5.82,light snow
245,Lompoc,US,2020-11-28 17:03:36,34.64,-120.46,46.4,60,1,6.93,clear sky
246,Saskylakh,RU,2020-11-28 17:03:36,71.92,114.08,11.46,93,83,13.89,broken clouds
247,Floro,NO,2020-11-28 17:03:36,61.6,5.03,42.8,75,75,16.11,broken clouds
248,Mwinilunga,ZM,2020-11-28 17:03:36,-11.74,24.43,67.24,90,94,1.61,light rain
249,Palafrugell,ES,2020-11-28 17:02:32,41.92,3.16,57.99,89,100,20.24,overcast clouds
250,Sola,VU,2020-11-28 17:03:36,-13.88,167.55,79.47,86,86,15.32,light rain
251,Ulaangom,MN,2020-11-28 17:03:36,49.98,92.07,9.18,87,91,4.29,overcast clouds
252,San Francisco Menendez,SV,2020-11-28 17:03:36,13.84,-90.02,82.4,54,0,4.7,clear sky
253,Clyde River,CA,2020-11-28 17:03:36,70.47,-68.59,-5.8,83,75,16.11,light snow
254,Pafos,CY,2020-11-28 17:01:02,34.77,32.42,59.0,72,40,5.82,scattered clouds
255,Brun,AM,2020-11-28 17:03:37,39.53,46.31,29.44,92,77,1.41,broken clouds
256,Davila,PH,2020-11-28 17:03:37,18.47,120.58,78.03,75,75,28.81,broken clouds
257,Georgetown,MY,2020-11-28 17:00:09,5.41,100.34,77.0,94,20,5.88,few clouds
258,Genhe,CN,2020-11-28 17:03:37,50.78,121.52,-5.21,89,67,2.8,broken clouds
259,Sioux Lookout,CA,2020-11-28 17:00:32,50.1,-91.92,30.2,80,75,9.17,broken clouds
260,Pontal Do Parana,BR,2020-11-28 17:03:37,-25.65,-48.51,84.2,48,20,6.93,few clouds
261,Bahia Blanca,AR,2020-11-28 17:03:30,-38.72,-62.27,89.47,17,58,7.23,broken clouds
262,Tornio,FI,2020-11-28 17:03:38,65.85,24.15,26.6,92,90,8.05,overcast clouds
263,Taltal,CL,2020-11-28 17:03:38,-25.4,-70.48,69.78,56,7,8.5,clear sky
264,Yacopi,CO,2020-11-28 17:03:38,5.46,-74.34,77.99,58,50,4.07,scattered clouds
265,Zyryanka,RU,2020-11-28 17:03:38,65.75,150.85,-3.05,92,100,8.66,overcast clouds
266,Cooma,AU,2020-11-28 17:03:38,-36.23,149.13,68.0,68,100,12.75,overcast clouds
267,Katobu,ID,2020-11-28 17:03:38,-4.94,122.53,77.38,90,100,1.61,moderate rain
268,Saint-Pierre,RE,2020-11-28 17:03:38,-21.34,55.48,77.0,69,75,7.72,broken clouds
269,Tuktoyaktuk,CA,2020-11-28 17:03:38,69.45,-133.04,6.8,84,90,4.7,light snow
270,Yichang,CN,2020-11-28 17:03:38,30.71,111.28,41.0,78,100,1.68,overcast clouds
271,Magnolia,US,2020-11-28 17:03:39,33.27,-93.24,53.01,66,1,9.17,clear sky
272,Marzuq,YE,2020-11-28 17:03:39,14.4,46.47,65.79,76,0,6.42,clear sky
273,Taoudenni,ML,2020-11-28 17:03:39,22.68,-3.98,71.15,22,27,2.17,scattered clouds
274,Salekhard,RU,2020-11-28 17:03:39,66.53,66.6,9.07,93,69,8.52,broken clouds
275,Mayo,US,2020-11-28 17:03:39,38.89,-76.51,57.99,54,90,8.05,overcast clouds
276,Dmitriyevka,RU,2020-11-28 17:03:39,54.75,55.33,15.8,92,40,4.47,fog
277,Brownsville,US,2020-11-28 17:00:03,25.9,-97.5,82.4,69,75,17.22,broken clouds
278,Terney,RU,2020-11-28 17:03:39,45.05,136.61,13.46,86,1,8.66,clear sky
279,Ixtapa,MX,2020-11-28 17:02:13,20.7,-105.2,77.0,69,40,2.1,scattered clouds
280,Linhares,BR,2020-11-28 17:03:40,-19.39,-40.07,81.75,67,94,8.3,light rain
281,Mount Gambier,AU,2020-11-28 17:03:40,-37.83,140.77,55.4,93,90,19.46,overcast clouds
282,Flinders,AU,2020-11-28 17:03:40,-34.58,150.86,82.4,45,100,12.75,moderate rain
283,Skibbereen,IE,2020-11-28 17:03:40,51.55,-9.27,50.0,100,90,14.99,fog
284,Codrington,AU,2020-11-28 17:03:40,-38.27,141.97,55.0,91,100,18.21,light rain
285,Kamuli,UG,2020-11-28 17:03:40,0.95,33.12,66.69,96,100,3.42,light rain
286,Naze,JP,2020-11-28 16:58:45,28.37,129.48,64.4,55,69,11.41,broken clouds
287,Dryden,CA,2020-11-28 17:03:40,49.78,-92.75,26.6,92,1,6.93,clear sky
288,Kibala,TD,2020-11-28 17:03:41,9.11,18.35,93.2,26,0,4.7,clear sky
289,Oussouye,SN,2020-11-28 17:03:41,12.48,-16.55,91.4,33,0,4.7,clear sky
290,Vostok,RU,2020-11-28 17:03:41,46.49,135.88,2.52,94,100,5.08,overcast clouds
291,Grand Island,US,2020-11-28 17:00:59,40.92,-98.34,45.0,52,1,11.41,clear sky
292,Shingu,JP,2020-11-28 17:03:41,33.73,135.98,43.45,77,0,5.79,clear sky
293,Fuxin,CN,2020-11-28 17:03:41,42.02,121.66,14.88,88,59,3.85,broken clouds
294,Yerbogachen,RU,2020-11-28 17:03:41,61.28,108.01,-13.0,89,47,3.71,scattered clouds
295,Pisco,PE,2020-11-28 17:03:41,-13.7,-76.22,69.8,73,0,10.29,clear sky
296,Kedrovyy,RU,2020-11-28 17:03:41,56.17,91.82,-5.8,76,0,4.79,mist
297,Fortuna Foothills,US,2020-11-28 17:03:05,32.66,-114.41,62.01,17,1,13.87,clear sky
298,Yulara,AU,2020-11-28 17:03:42,-25.24,130.99,87.8,31,0,13.87,clear sky
299,Moose Factory,CA,2020-11-28 17:03:42,51.26,-80.61,30.2,86,90,11.41,overcast clouds
300,Vagur,FO,2020-11-28 17:03:42,61.47,-6.81,44.65,75,100,10.8,overcast clouds
301,Goderich,CA,2020-11-28 17:00:25,43.75,-81.72,39.2,60,17,13.87,few clouds
302,Cururupu,BR,2020-11-28 17:02:20,-1.83,-44.87,87.21,62,99,7.05,light rain
303,Aktash,RU,2020-11-28 17:03:42,50.3,87.73,-0.67,82,77,4.63,broken clouds
304,Lakeside,US,2020-11-28 16:58:46,30.13,-81.77,75.99,69,75,8.05,broken clouds
305,Antalaha,MG,2020-11-28 17:03:42,-14.9,50.28,74.79,81,0,6.31,clear sky
306,Umea,SE,2020-11-28 17:03:43,63.83,20.26,28.4,100,90,6.58,overcast clouds
307,Ampanihy,MG,2020-11-28 17:03:43,-24.7,44.75,73.24,80,9,14.67,clear sky
308,Dunedin,NZ,2020-11-28 16:59:32,-45.87,170.5,52.0,86,67,12.06,broken clouds
309,Manono,CD,2020-11-28 17:03:43,-7.3,27.42,72.86,91,86,3.29,overcast clouds
310,Yar-Sale,RU,2020-11-28 17:03:43,66.83,70.83,2.98,93,69,10.25,broken clouds
311,Mocuba,MZ,2020-11-28 17:03:43,-16.84,36.99,79.75,68,87,9.66,overcast clouds
312,Itoman,JP,2020-11-28 17:03:43,26.12,127.67,68.0,64,75,14.99,broken clouds
313,Preobrazheniye,RU,2020-11-28 17:03:43,42.9,133.91,22.24,82,0,7.74,clear sky
314,Buckeye,US,2020-11-28 17:00:01,33.37,-112.58,60.01,27,0,7.05,clear sky
315,Amapa,BR,2020-11-28 17:03:44,1.0,-52.0,83.25,81,72,4.32,broken clouds
316,Labuhan,ID,2020-11-28 17:03:44,-6.88,112.21,78.57,88,100,6.11,moderate rain
317,Seoul,KR,2020-11-28 16:58:55,37.57,126.98,32.0,54,75,3.51,broken clouds
318,Chokurdakh,RU,2020-11-28 17:03:44,70.63,147.92,-9.09,92,100,6.58,overcast clouds
319,Pacific Grove,US,2020-11-28 17:00:07,36.62,-121.92,42.8,52,1,7.23,clear sky
320,Puerto Baquerizo Moreno,EC,2020-11-28 17:02:25,-0.9,-89.6,73.4,88,90,11.41,shower rain
321,Fukue,JP,2020-11-28 17:03:44,32.69,128.84,51.51,64,54,15.1,broken clouds
322,Cabo San Lucas,MX,2020-11-28 17:03:44,22.89,-109.91,73.0,83,40,2.24,scattered clouds
323,Torbay,CA,2020-11-28 17:03:20,47.67,-52.73,57.2,93,90,13.87,light intensity drizzle
324,Bumba,CD,2020-11-28 17:03:45,2.18,22.47,78.31,76,71,3.89,broken clouds
325,Wasilla,US,2020-11-28 17:03:45,61.58,-149.44,37.4,47,1,19.46,clear sky
326,Sao Joao Dos Patos,BR,2020-11-28 17:03:45,-6.5,-43.7,86.47,56,100,7.38,overcast clouds
327,Marrakesh,MA,2020-11-28 16:59:57,31.63,-8.01,64.4,42,20,5.82,few clouds
328,Dingle,PH,2020-11-28 17:03:45,11.0,122.67,76.08,91,56,7.36,broken clouds
329,Krasnopavlivka,UA,2020-11-28 17:03:45,49.14,36.33,44.73,74,99,13.65,overcast clouds
330,Whitehorse,CA,2020-11-28 17:00:05,60.72,-135.05,19.4,79,75,24.16,broken clouds
331,Muros,ES,2020-11-28 17:03:46,42.78,-9.06,57.99,66,20,9.17,light rain
332,Southbridge,US,2020-11-28 17:03:46,42.08,-72.03,48.99,61,52,1.01,broken clouds
333,San Quintin,MX,2020-11-28 17:03:46,30.48,-115.95,64.17,28,42,0.4,scattered clouds
334,San Miguel,SV,2020-11-28 17:03:46,13.48,-88.18,86.0,79,0,3.36,clear sky
335,Barra Do Garcas,BR,2020-11-28 17:00:03,-15.89,-52.26,95.41,32,6,6.96,clear sky
336,Mohgaon,IN,2020-11-28 17:03:46,21.65,78.72,66.67,53,4,4.9,clear sky
337,Uppsala,SE,2020-11-28 17:03:46,60.0,17.75,33.01,90,99,5.82,overcast clouds
338,Avera,US,2020-11-28 17:03:46,33.19,-82.53,59.0,84,90,4.7,overcast clouds
339,Inta,RU,2020-11-28 17:03:47,66.03,60.17,9.57,94,92,11.25,overcast clouds
340,Wang Saphung,TH,2020-11-28 17:03:47,17.3,101.77,70.81,72,86,2.68,overcast clouds
341,Coahuayana,MX,2020-11-28 17:03:47,18.73,-103.68,77.0,78,40,2.3,scattered clouds
342,Lafiagi,NG,2020-11-28 17:03:47,8.87,5.42,91.38,32,45,1.43,scattered clouds
343,Ust-Tsilma,RU,2020-11-28 17:03:47,65.44,52.15,14.95,95,87,4.63,overcast clouds
344,Mackay,AU,2020-11-28 17:03:32,-21.15,149.2,75.2,64,40,8.05,scattered clouds
345,Asyut,EG,2020-11-28 17:01:41,27.18,31.18,66.2,59,0,13.87,clear sky
346,Pokrovka,KG,2020-11-28 17:03:47,42.34,78.01,23.11,84,78,8.48,broken clouds
347,Quatre Cocos,MU,2020-11-28 17:03:47,-20.21,57.76,75.99,78,40,12.21,scattered clouds
348,Iquique,CL,2020-11-28 17:03:47,-20.22,-70.14,71.6,64,0,18.34,clear sky
349,Kamaishi,JP,2020-11-28 17:03:48,39.27,141.88,36.01,80,0,6.53,clear sky
350,Beringovskiy,RU,2020-11-28 17:03:48,63.05,179.32,10.13,95,86,15.1,overcast clouds
351,Urumqi,CN,2020-11-28 17:02:43,43.8,87.6,24.8,73,75,2.24,light snow
352,Ambon,ID,2020-11-28 17:03:48,-3.7,128.18,84.0,87,97,3.83,overcast clouds
353,Antofagasta,CL,2020-11-28 17:01:09,-23.65,-70.4,69.8,56,0,11.41,clear sky
354,Garissa,KE,2020-11-28 16:59:43,-0.45,39.64,84.15,62,73,13.65,light rain
355,Beidao,CN,2020-11-28 17:03:48,34.57,105.89,33.48,87,11,1.74,few clouds
356,Poum,NC,2020-11-28 17:03:48,-20.23,164.02,75.47,76,35,13.76,scattered clouds
357,Riachao Das Neves,BR,2020-11-28 17:03:49,-11.75,-44.91,88.25,39,66,8.72,broken clouds
358,Morehead,US,2020-11-28 17:03:49,37.27,-87.18,46.4,45,1,5.73,clear sky
359,Grong,NO,2020-11-28 17:03:49,64.47,12.31,28.06,92,76,4.0,broken clouds
360,Peterhead,GB,2020-11-28 17:03:49,57.51,-1.8,39.99,78,0,12.64,clear sky
361,La Uvita,CO,2020-11-28 17:03:49,6.32,-72.56,61.09,74,37,0.87,scattered clouds
362,Haines Junction,CA,2020-11-28 17:03:49,60.75,-137.51,26.6,63,91,4.7,overcast clouds
363,Afsin,TR,2020-11-28 17:03:49,38.25,36.91,36.73,81,3,2.39,clear sky
364,Giaveno,IT,2020-11-28 17:03:49,45.05,7.35,45.0,86,98,1.23,overcast clouds
365,Dodge City,US,2020-11-28 17:03:49,37.75,-100.02,35.6,74,1,10.29,clear sky
366,Yen Bai,VN,2020-11-28 17:03:50,21.7,104.87,66.13,62,99,3.62,overcast clouds
367,Lata,PT,2020-11-28 17:03:50,40.16,-8.33,55.99,80,96,8.99,overcast clouds
368,Fernley,US,2020-11-28 17:03:27,39.61,-119.25,26.6,73,1,1.52,clear sky
369,Copiapo,CL,2020-11-28 17:03:26,-27.37,-70.33,69.8,52,0,8.05,clear sky
370,Omsukchan,RU,2020-11-28 17:03:50,62.53,155.8,-11.74,86,100,3.44,overcast clouds
371,Hattiesburg,US,2020-11-28 17:01:23,31.33,-89.29,63.0,82,90,4.7,overcast clouds
372,San Juan Evangelista,MX,2020-11-28 17:03:50,17.9,-95.13,84.2,70,40,2.8,scattered clouds
373,Uspenka,UA,2020-11-28 17:03:50,48.39,39.16,36.43,84,59,8.77,broken clouds
374,Manokwari,ID,2020-11-28 17:03:50,-0.87,134.08,81.1,77,99,8.16,overcast clouds
375,Olivet,FR,2020-11-28 17:03:51,47.86,1.9,48.99,81,0,10.29,clear sky
376,Bodden Town,KY,2020-11-28 17:03:51,19.28,-81.25,82.99,74,40,14.99,scattered clouds
377,Westport,US,2020-11-28 17:03:51,41.14,-73.36,55.0,58,75,9.17,broken clouds
378,Polunochnoye,RU,2020-11-28 17:03:51,60.87,60.42,7.79,95,0,1.61,clear sky
379,Nadym,RU,2020-11-28 17:03:51,65.53,72.52,0.28,92,0,9.42,clear sky
380,Dudinka,RU,2020-11-28 17:03:51,69.41,86.18,10.4,85,90,22.37,light snow
381,Mbanza-Ngungu,CD,2020-11-28 17:03:51,-5.25,14.87,73.42,92,38,3.62,light rain
382,Warrington,GB,2020-11-28 17:03:50,53.39,-2.58,46.99,100,100,8.05,mist
383,Tarauaca,BR,2020-11-28 17:03:52,-8.16,-70.77,87.98,63,81,3.09,light rain
384,Tiksi,RU,2020-11-28 17:03:52,71.69,128.87,-2.36,91,42,8.99,scattered clouds
385,Kuna,US,2020-11-28 17:01:14,43.49,-116.42,30.99,100,1,5.82,clear sky
386,Touros,BR,2020-11-28 17:03:52,-5.2,-35.46,86.0,58,40,20.8,scattered clouds
387,Namibe,AO,2020-11-28 17:03:52,-15.2,12.15,74.53,75,34,8.86,scattered clouds
388,Bay Roberts,CA,2020-11-28 17:03:52,47.6,-53.26,57.2,93,90,13.87,light intensity drizzle
389,Sayanogorsk,RU,2020-11-28 17:03:52,53.09,91.4,5.29,91,28,1.19,scattered clouds
390,Maragogi,BR,2020-11-28 17:03:52,-9.01,-35.22,81.72,64,50,12.46,scattered clouds
391,Haapiti,PF,2020-11-28 17:03:52,-17.57,-149.87,80.6,83,75,4.7,broken clouds
392,Mackenzie,CA,2020-11-28 17:03:52,55.3,-123.17,3.2,84,75,2.24,broken clouds
393,Nome,US,2020-11-28 17:03:53,64.5,-165.41,24.8,68,90,11.41,overcast clouds
394,Alcudia,ES,2020-11-28 17:03:53,39.85,3.12,57.99,90,98,4.0,overcast clouds
395,Arrecife,ES,2020-11-28 17:03:53,28.96,-13.55,71.6,64,40,8.05,scattered clouds
396,Huilong,CN,2020-11-28 17:03:53,31.81,121.66,46.99,82,96,8.72,overcast clouds
397,Souillac,MU,2020-11-28 17:01:04,-20.52,57.52,75.2,78,40,11.52,scattered clouds
398,Bambous Virieux,MU,2020-11-28 17:03:53,-20.34,57.76,75.99,78,40,11.92,scattered clouds
399,Chuy,UY,2020-11-28 17:03:53,-33.7,-53.46,77.11,73,94,14.16,overcast clouds
400,Corinto,GR,2020-11-28 17:03:53,37.94,22.96,57.0,48,100,4.0,overcast clouds
401,Ozinki,RU,2020-11-28 17:03:53,51.18,49.68,26.65,98,100,9.91,overcast clouds
402,Huambo,AO,2020-11-28 17:03:54,-12.78,15.74,65.37,86,100,2.21,light rain
403,Omboue,GA,2020-11-28 17:03:54,-1.57,9.26,76.68,86,77,6.62,broken clouds
404,Faanui,PF,2020-11-28 17:03:54,-16.48,-151.75,80.49,77,2,5.7,clear sky
405,Henties Bay,NA,2020-11-28 17:03:54,-22.12,14.28,63.0,81,13,8.01,few clouds
406,Lagoa,PT,2020-11-28 17:03:54,39.05,-27.98,55.9,66,51,27.51,broken clouds
407,Rassvet,RU,2020-11-28 17:03:54,46.83,40.75,37.31,93,0,15.1,clear sky
408,Valparaiso,CL,2020-11-28 17:02:00,-33.04,-71.63,66.2,55,0,8.05,clear sky
409,Malakal,SS,2020-11-28 17:03:54,9.53,31.66,81.82,19,16,5.3,few clouds
410,Grand Gaube,MU,2020-11-28 17:03:54,-20.01,57.66,75.99,76,9,5.99,clear sky
411,Rochegda,RU,2020-11-28 17:03:54,62.8,43.25,15.67,96,0,5.21,clear sky
412,Byron Bay,AU,2020-11-28 17:02:06,-28.65,153.62,71.6,78,44,12.75,scattered clouds
413,Owo,NG,2020-11-28 17:03:55,7.2,5.59,85.73,45,50,1.28,scattered clouds
414,Kudat,MY,2020-11-28 17:03:55,6.88,116.85,75.2,94,40,3.36,scattered clouds
415,Ojinaga,MX,2020-11-28 17:03:55,29.57,-104.42,55.99,40,1,4.7,clear sky
416,Taywarah,AF,2020-11-28 17:03:55,33.35,64.42,35.8,76,35,2.46,scattered clouds
417,Tucupita,VE,2020-11-28 17:03:55,9.06,-62.05,89.06,59,58,4.61,broken clouds
418,Killybegs,IE,2020-11-28 17:03:55,54.63,-8.45,46.4,81,40,3.36,scattered clouds
419,Abay,KZ,2020-11-28 17:03:55,49.63,72.85,19.4,85,75,6.71,light shower snow
420,Matagami,CA,2020-11-28 17:02:29,49.75,-77.63,30.2,100,90,6.93,overcast clouds
421,Port Moresby,PG,2020-11-28 17:03:56,-9.44,147.18,75.2,94,20,3.36,few clouds
422,Maple Creek,CA,2020-11-28 17:03:56,49.92,-109.48,39.2,55,53,19.46,broken clouds
423,Galle,LK,2020-11-28 16:59:35,6.04,80.22,78.03,82,100,2.73,overcast clouds
424,Ipueiras,BR,2020-11-28 17:03:56,-7.03,-40.45,90.21,35,100,10.02,overcast clouds
425,Mizdah,LY,2020-11-28 17:03:56,31.45,12.98,62.53,34,0,7.7,clear sky
426,College,US,2020-11-28 17:03:56,64.86,-147.8,-0.4,77,20,3.36,few clouds
427,Bend,US,2020-11-28 17:03:56,44.06,-121.32,35.01,68,1,4.99,clear sky
428,Datong,CN,2020-11-28 17:03:56,40.09,113.29,20.19,94,98,0.76,overcast clouds
429,Hokitika,NZ,2020-11-28 17:03:57,-42.72,170.97,49.35,85,67,4.83,broken clouds
430,Hamilton,US,2020-11-28 17:02:17,39.18,-84.53,46.0,65,20,2.66,few clouds
431,Nuuk,GL,2020-11-28 17:03:57,64.18,-51.72,24.8,68,40,4.7,scattered clouds
432,Hovd,MN,2020-11-28 17:03:57,48.01,91.64,10.83,93,0,0.81,clear sky
433,Hudson Bay,CA,2020-11-28 17:03:57,52.85,-102.38,26.17,98,100,1.9,snow
434,Gizo,SB,2020-11-28 17:03:57,-8.1,156.84,82.65,75,94,3.58,light rain
435,Qui Nhon,VN,2020-11-28 17:03:57,13.77,109.23,75.85,92,100,24.07,light rain
436,Deputatskiy,RU,2020-11-28 17:03:57,69.3,139.9,-8.14,93,91,2.46,overcast clouds
437,Yoichi,JP,2020-11-28 17:03:58,43.2,140.77,33.75,88,92,9.6,overcast clouds
438,Kihei,US,2020-11-28 17:03:58,20.79,-156.47,71.6,78,75,6.93,broken clouds
439,Machaneng,BW,2020-11-28 17:03:58,-23.19,27.49,82.85,47,20,13.13,few clouds
440,Kalakamati,BW,2020-11-28 17:03:58,-20.59,27.31,80.6,57,75,8.05,broken clouds
441,Alto Longa,BR,2020-11-28 17:03:58,-5.25,-42.21,91.72,43,100,6.08,overcast clouds
442,Nyagan,RU,2020-11-28 17:03:58,62.14,65.39,9.12,95,0,0.92,clear sky
443,Tessalit,ML,2020-11-28 17:03:58,20.2,1.01,74.55,20,81,7.56,broken clouds
444,Nemuro,JP,2020-11-28 17:03:58,43.32,145.57,34.54,83,19,14.41,few clouds
445,Vilhena,BR,2020-11-28 17:03:59,-12.74,-60.15,86.0,58,40,6.93,scattered clouds
446,Pervomayskoye,RU,2020-11-28 17:03:59,43.92,46.71,46.78,82,0,11.05,clear sky
447,Nabire,ID,2020-11-28 17:03:59,-3.37,135.48,76.57,87,96,4.65,light rain
448,Kieta,PG,2020-11-28 17:03:59,-6.22,155.63,79.38,80,90,1.77,overcast clouds
449,Bloomfield,US,2020-11-28 17:03:59,40.81,-74.19,55.99,47,40,9.17,scattered clouds
450,Axim,GH,2020-11-28 17:03:59,4.87,-2.24,81.48,77,85,7.92,overcast clouds
451,Malegaon,IN,2020-11-28 17:03:59,20.55,74.53,74.21,47,34,11.9,scattered clouds
452,Santa Clara,CU,2020-11-28 17:00:06,22.4,-79.97,78.8,69,40,6.93,scattered clouds
453,Shahdadpur,PK,2020-11-28 17:04:00,25.92,68.62,60.8,63,0,4.7,smoke
454,Nouadhibou,MR,2020-11-28 17:04:00,20.93,-17.03,73.4,53,0,11.41,clear sky
455,Erzin,TR,2020-11-28 17:04:00,36.96,36.2,64.0,50,64,7.43,broken clouds
456,Maniitsoq,GL,2020-11-28 17:04:00,65.42,-52.9,25.61,84,61,8.72,broken clouds
457,Cravo Norte,CO,2020-11-28 17:04:00,6.3,-70.2,82.04,80,98,7.85,moderate rain
458,Fez,MA,2020-11-28 16:59:20,34.04,-5.0,60.8,55,75,17.22,broken clouds
459,Camacha,PT,2020-11-28 17:04:01,33.08,-16.33,62.6,59,20,18.34,few clouds
460,Cherskiy,RU,2020-11-28 17:04:01,68.75,161.3,-3.73,92,100,4.52,overcast clouds
461,Kalispell,US,2020-11-28 17:03:19,48.2,-114.31,34.0,86,90,6.93,overcast clouds
462,Coihaique,CL,2020-11-28 17:04:01,-45.58,-72.07,53.6,40,75,11.41,shower rain
463,Pouebo,NC,2020-11-28 17:04:01,-20.4,164.57,72.46,80,39,10.63,scattered clouds
464,Suwannaphum,TH,2020-11-28 17:04:01,15.6,103.8,75.99,70,21,18.05,few clouds
465,Sasina,BA,2020-11-28 17:04:01,44.8,16.74,35.6,100,90,2.24,mist
466,Arani,IN,2020-11-28 17:04:01,12.67,79.28,73.51,91,35,3.56,scattered clouds
467,Rio Grande,BR,2020-11-28 17:04:01,-32.03,-52.1,82.4,74,90,12.75,overcast clouds
468,San Cristobal,VE,2020-11-28 17:04:02,7.77,-72.22,84.2,70,40,4.7,scattered clouds
469,Krasnokamensk,RU,2020-11-28 17:04:02,50.1,118.04,-2.65,86,0,2.44,clear sky
470,Salalah,OM,2020-11-28 17:04:02,17.02,54.09,78.8,65,40,3.36,scattered clouds
471,Paungde,MM,2020-11-28 17:04:02,18.48,95.5,68.95,79,0,7.58,clear sky
472,Fort Nelson,CA,2020-11-28 17:04:02,58.81,-122.7,-2.2,84,20,3.36,few clouds
473,Mecca,SA,2020-11-28 17:04:02,21.43,39.83,75.0,57,56,9.46,broken clouds
474,Pitimbu,BR,2020-11-28 17:04:02,-7.47,-34.81,86.0,58,40,18.34,scattered clouds
475,Dhidhdhoo,MV,2020-11-28 17:04:02,6.88,73.1,83.14,62,18,2.46,few clouds
476,Ladario,BR,2020-11-28 17:04:02,-19.0,-57.6,96.8,44,0,6.93,clear sky
477,Malanville,BJ,2020-11-28 17:04:03,11.87,3.39,88.43,27,0,2.15,clear sky
478,Saurimo,AO,2020-11-28 17:04:03,-9.66,20.39,69.1,93,100,2.73,moderate rain
479,Liuzhou,CN,2020-11-28 17:04:03,24.31,109.39,48.36,63,13,11.61,few clouds
480,Port Hardy,CA,2020-11-28 17:00:04,50.7,-127.42,42.8,86,40,6.93,scattered clouds
481,Khatanga,RU,2020-11-28 17:04:03,71.97,102.5,11.86,96,100,18.12,light snow
482,El Cope,PA,2020-11-28 17:04:03,8.62,-80.6,86.0,70,40,9.17,scattered clouds
483,Huoqiu,CN,2020-11-28 17:04:03,32.34,116.27,39.51,85,100,4.34,overcast clouds
484,Umm Lajj,SA,2020-11-28 17:04:03,25.02,37.27,74.25,59,0,13.53,clear sky
485,Hatillo,PR,2020-11-28 17:04:03,18.49,-66.83,84.0,74,75,8.05,broken clouds
486,Roman,RO,2020-11-28 17:04:04,46.92,26.92,37.0,88,75,3.36,mist
487,Oriximina,BR,2020-11-28 17:04:04,-1.77,-55.87,89.65,55,82,6.42,broken clouds
488,Agadez,NE,2020-11-28 17:04:04,19.75,10.25,77.32,19,0,8.61,clear sky
489,Kuching,MY,2020-11-28 17:04:04,1.55,110.33,75.2,94,40,2.24,moderate rain
490,Tommot,RU,2020-11-28 17:04:04,58.96,126.29,1.65,91,100,7.83,overcast clouds
491,Sabha,LY,2020-11-28 17:04:04,27.04,14.43,68.07,25,19,10.49,few clouds
492,Trairi,BR,2020-11-28 17:02:54,-3.28,-39.27,87.62,53,82,16.89,broken clouds
493,Massakory,TD,2020-11-28 17:04:04,13.0,15.73,80.78,16,7,9.69,clear sky
494,Talcahuano,CL,2020-11-28 17:04:04,-36.72,-73.12,66.2,52,20,11.41,few clouds
495,Sambava,MG,2020-11-28 17:04:05,-14.27,50.17,76.19,80,0,7.09,clear sky
496,Port-Gentil,GA,2020-11-28 17:04:05,-0.72,8.78,84.2,74,20,8.05,few clouds
497,Kavaratti,IN,2020-11-28 17:04:05,10.57,72.64,82.83,68,68,7.07,broken clouds
498,Bodaybo,RU,2020-11-28 17:04:05,57.85,114.19,2.8,89,99,1.23,overcast clouds
499,Batagay-Alyta,RU,2020-11-28 17:04:05,67.8,130.41,-2.88,85,82,2.75,broken clouds
500,Pauini,BR,2020-11-28 17:04:05,-7.71,-66.98,97.0,41,85,2.21,overcast clouds
501,Hohhot,CN,2020-11-28 17:04:05,40.81,111.65,19.4,73,20,2.24,few clouds
502,Raudeberg,NO,2020-11-28 17:04:05,61.99,5.14,42.01,87,56,21.12,light rain
503,Puerto Escondido,MX,2020-11-28 17:00:16,15.85,-97.07,84.2,70,5,5.82,clear sky
504,Akyab,MM,2020-11-28 17:04:06,20.15,92.9,74.55,69,34,6.17,scattered clouds
505,Kidal,ML,2020-11-28 17:01:12,18.44,1.41,81.91,15,3,8.12,clear sky
506,Mana,GF,2020-11-28 17:04:06,5.66,-53.78,83.35,78,12,9.26,few clouds
507,Vila Velha,BR,2020-11-28 17:04:06,-20.33,-40.29,82.99,69,40,10.29,scattered clouds
508,Puteyets,RU,2020-11-28 17:04:06,65.17,57.09,11.97,95,76,6.11,broken clouds
509,Abramovka,RU,2020-11-28 17:04:06,51.19,41.02,35.4,89,100,11.72,overcast clouds
510,Ostersund,SE,2020-11-28 17:00:42,63.18,14.64,26.6,92,20,5.82,few clouds
511,Marsa Matruh,EG,2020-11-28 17:04:07,31.35,27.25,66.2,59,40,6.93,scattered clouds
512,Toba,JP,2020-11-28 17:04:07,34.48,136.85,50.0,61,75,10.29,broken clouds
513,Colesberg,ZA,2020-11-28 17:04:07,-30.72,25.1,71.87,28,14,23.62,few clouds
514,Puerto Del Rosario,ES,2020-11-28 17:04:07,28.5,-13.86,71.6,56,40,12.75,scattered clouds
515,Aykhal,RU,2020-11-28 17:04:07,66.0,111.5,5.0,84,0,2.24,clear sky
516,Uch,FR,2020-11-28 17:04:07,45.32,-0.93,59.0,67,0,6.93,clear sky
517,Joao Pinheiro,BR,2020-11-28 17:04:07,-17.74,-46.17,80.17,57,33,7.31,scattered clouds
518,Chateau-Thierry,FR,2020-11-28 17:04:08,49.05,3.4,45.0,91,0,8.72,clear sky
519,Khonsa,IN,2020-11-28 17:04:08,27.02,95.57,58.66,69,0,3.49,clear sky
520,Talara,PE,2020-11-28 17:00:12,-4.58,-81.27,80.6,57,0,12.75,clear sky
521,Olovyannaya,RU,2020-11-28 17:04:08,50.95,115.57,0.81,90,0,2.62,clear sky
522,Gao,ML,2020-11-28 17:01:36,16.64,1.64,86.81,14,15,6.93,few clouds
523,Si Bun Ruang,TH,2020-11-28 17:04:08,16.97,102.28,70.41,71,65,5.01,broken clouds
524,Dahra,DZ,2020-11-28 17:04:08,36.25,0.85,55.4,82,40,17.22,scattered clouds
525,Basoko,CD,2020-11-28 17:02:28,1.24,23.62,74.37,92,92,3.49,light rain
526,Olafsvik,IS,2020-11-28 17:04:08,64.89,-23.71,35.83,84,100,14.2,overcast clouds
527,Baker City,US,2020-11-28 17:01:44,44.77,-117.83,28.0,73,1,2.51,clear sky
528,Madang,PG,2020-11-28 17:04:09,-5.22,145.8,75.34,92,100,6.44,heavy intensity rain
529,Kargopol,RU,2020-11-28 17:04:09,61.51,38.95,13.98,97,68,4.52,broken clouds
530,Sterling,US,2020-11-28 17:00:24,39.01,-77.43,57.99,47,40,20.8,scattered clouds
531,Esperance,AU,2020-11-28 17:04:09,-33.87,121.9,51.8,76,0,4.7,clear sky
532,Novyy Urgal,RU,2020-11-28 17:04:09,51.07,132.56,1.92,92,99,1.07,overcast clouds
533,La Rioja,ES,2020-11-28 17:04:09,42.25,-2.5,55.99,71,20,6.93,few clouds
534,Esterhazy,CA,2020-11-28 17:04:09,50.65,-102.08,24.8,85,91,3.36,overcast clouds
535,Poshekhonye,RU,2020-11-28 17:04:10,58.5,39.14,24.22,98,98,8.55,snow
536,Capao Da Canoa,BR,2020-11-28 17:00:19,-29.75,-50.01,74.48,83,87,19.01,overcast clouds
537,Oktyabrskoye,RU,2020-11-28 17:04:10,43.06,44.74,24.8,92,6,4.47,clear sky
538,Kasempa,ZM,2020-11-28 17:04:10,-13.46,25.83,68.99,85,95,1.45,overcast clouds
539,Dickinson,US,2020-11-28 17:04:10,29.46,-95.05,64.99,88,90,10.29,moderate rain
540,Ust-Maya,RU,2020-11-28 17:04:10,60.42,134.53,-18.69,87,100,1.1,overcast clouds
541,La Ronge,CA,2020-11-28 17:04:10,55.1,-105.28,17.6,85,100,6.93,overcast clouds
542,Mayor Pablo Lagerenza,PY,2020-11-28 17:04:10,-19.93,-60.77,100.13,29,20,11.68,few clouds
543,Ust-Uda,RU,2020-11-28 17:04:10,54.17,103.03,2.93,92,70,1.7,broken clouds
544,Tapes,BR,2020-11-28 17:04:10,-30.67,-51.4,82.69,64,21,11.32,moderate rain
545,Belaya Gora,RU,2020-11-28 17:04:11,68.53,146.42,-12.03,90,100,3.53,overcast clouds
546,Vila Franca Do Campo,PT,2020-11-28 17:04:11,37.72,-25.43,57.2,54,40,17.22,shower rain
547,Guanica,PR,2020-11-28 17:04:11,17.97,-66.91,86.0,58,0,1.99,clear sky
548,Notodden,NO,2020-11-28 17:04:11,59.56,9.26,30.99,92,20,2.26,few clouds
549,Sungaipenuh,ID,2020-11-28 17:04:11,-2.08,101.38,63.68,94,100,2.15,light rain
550,Port Blair,IN,2020-11-28 17:04:11,11.67,92.75,80.89,79,99,15.1,overcast clouds
551,Livingston,GB,2020-11-28 16:59:39,55.9,-3.52,39.99,86,0,3.36,clear sky
552,Kendari,ID,2020-11-28 17:04:11,-3.94,122.5,76.23,89,100,3.47,overcast clouds
553,Lazaro Cardenas,MX,2020-11-28 17:04:12,17.96,-102.2,84.7,62,37,2.53,scattered clouds
554,Vanimo,PG,2020-11-28 17:04:12,-2.67,141.3,78.98,82,99,2.37,heavy intensity rain
555,Nayoro,JP,2020-11-28 17:04:12,44.35,142.46,26.73,96,92,4.38,overcast clouds
556,Gambela,ET,2020-11-28 17:04:12,8.25,34.58,86.97,43,68,2.86,broken clouds
557,Aurillac,FR,2020-11-28 17:04:12,44.92,2.45,53.6,50,0,6.93,clear sky
558,Ossora,RU,2020-11-28 17:04:12,59.24,163.07,15.12,93,100,5.84,light snow
559,Bondo,CD,2020-11-28 17:04:12,3.81,23.69,76.14,58,72,2.08,broken clouds
560,Keetmanshoop,NA,2020-11-28 17:04:12,-26.58,18.13,89.6,9,0,18.34,clear sky
561,Novyy Urengoy,RU,2020-11-28 17:04:12,66.08,76.63,-1.82,92,10,8.88,clear sky
562,Gravdal,NO,2020-11-28 17:04:12,68.12,13.5,43.11,90,100,30.87,overcast clouds
563,Evans,US,2020-11-28 17:04:13,33.53,-82.13,59.0,87,90,4.7,overcast clouds
564,Kozhva,RU,2020-11-28 17:04:13,65.11,57.05,11.73,95,72,5.48,broken clouds
565,Inhambane,MZ,2020-11-28 17:04:13,-23.86,35.38,78.8,78,75,9.17,broken clouds
566,Mayna,RU,2020-11-28 17:04:13,54.11,47.62,28.8,99,100,9.69,overcast clouds
567,Kitgum,UG,2020-11-28 17:04:13,3.28,32.89,76.12,61,81,5.14,light rain
568,Kismayo,SO,2020-11-28 17:04:13,-0.36,42.55,81.23,79,58,11.74,broken clouds
569,Port Hedland,AU,2020-11-28 17:00:23,-20.32,118.57,80.6,88,0,9.17,clear sky
570,Ternate,ID,2020-11-28 17:04:13,0.8,127.4,82.06,76,88,2.93,moderate rain
571,Hjorring,DK,2020-11-28 17:04:14,57.46,9.98,37.0,96,0,1.01,clear sky
572,Ridgecrest,US,2020-11-28 17:01:18,35.62,-117.67,51.01,35,0,1.77,clear sky
573,Fort-Shevchenko,KZ,2020-11-28 17:04:14,44.51,50.26,41.92,66,21,23.02,few clouds
574,Talnakh,RU,2020-11-28 17:04:14,69.49,88.4,10.4,85,90,22.37,light snow
575,Gilgit,PK,2020-11-28 17:04:14,35.92,74.31,35.38,58,26,3.02,scattered clouds
576,Airai,TL,2020-11-28 17:04:14,-8.93,125.41,62.71,100,100,1.34,overcast clouds
577,Kamojima,JP,2020-11-28 17:04:14,34.07,134.35,48.2,57,75,5.82,broken clouds
578,Clonakilty,IE,2020-11-28 17:04:14,51.62,-8.87,51.01,100,90,14.99,fog
579,Burns Lake,CA,2020-11-28 17:04:15,54.23,-125.75,14.0,92,25,2.89,scattered clouds
580,Kyra,RU,2020-11-28 17:04:15,49.58,111.98,7.09,86,87,4.54,overcast clouds
581,Petersburg,US,2020-11-28 17:04:15,37.23,-77.4,61.0,62,40,3.36,scattered clouds
582,Charters Towers,AU,2020-11-28 17:04:15,-20.1,146.27,67.35,90,3,8.19,clear sky
583,Nikel,RU,2020-11-28 17:04:15,69.41,30.22,24.8,92,100,16.11,overcast clouds
584,Ismailia,EG,2020-11-28 17:04:15,30.6,32.27,66.09,58,53,7.87,broken clouds
585,Newcastle,AU,2020-11-28 17:01:37,-32.93,151.78,77.0,61,80,2.24,light rain
586,Villazon,BO,2020-11-28 17:00:52,-22.09,-65.59,70.63,23,0,12.73,clear sky
587,Bolobo,CD,2020-11-28 17:04:15,-2.17,16.23,76.01,86,31,3.09,light rain
588,Parkes,AU,2020-11-28 17:04:15,-33.13,148.18,83.91,22,62,21.85,broken clouds
589,Kodinar,IN,2020-11-28 17:04:16,20.79,70.7,77.54,36,0,13.18,clear sky
590,Maldonado,UY,2020-11-28 17:03:26,-34.67,-54.92,84.99,58,75,14.99,broken clouds
591,Black River,JM,2020-11-28 17:04:16,18.03,-77.85,84.0,74,20,9.17,few clouds
592,Arkhipo-Osipovka,RU,2020-11-28 17:04:16,44.37,38.52,50.63,63,0,6.51,clear sky
593,Divnomorskoye,RU,2020-11-28 17:04:16,44.5,38.14,50.38,69,0,7.85,clear sky
594,Hammerfest,NO,2020-11-28 17:04:16,70.66,23.68,41.0,65,100,17.22,light rain
595,Tsabong,BW,2020-11-28 17:04:16,-26.02,22.4,79.3,51,78,4.54,light rain
596,Deep River,CA,2020-11-28 17:04:16,46.1,-77.5,39.2,86,90,8.05,overcast clouds
597,Coquimbo,CL,2020-11-28 17:03:22,-29.95,-71.34,62.6,72,20,14.99,few clouds
598,Saint-Francois,FR,2020-11-28 17:04:17,46.42,3.91,45.0,65,0,3.36,clear sky
599,Cabra,ES,2020-11-28 17:04:17,37.47,-4.44,59.0,72,40,1.12,scattered clouds
600,Slyudyanka,RU,2020-11-28 17:04:17,51.66,103.71,13.6,85,69,4.76,broken clouds
601,Tabou,CI,2020-11-28 17:04:17,4.42,-7.35,81.99,73,14,7.63,few clouds
602,Rio Claro,BR,2020-11-28 17:00:16,-22.41,-47.56,89.6,35,0,5.82,clear sky
603,Mount Isa,AU,2020-11-28 17:00:48,-20.73,139.5,78.8,41,3,5.86,clear sky
604,Mogadishu,SO,2020-11-28 17:02:45,2.04,45.34,80.55,66,19,17.05,few clouds
605,Svetlogorsk,BY,2020-11-28 17:04:18,52.63,29.73,35.42,94,100,6.06,overcast clouds
606,Port Keats,AU,2020-11-28 17:04:18,-14.25,129.55,82.33,71,20,5.21,few clouds
607,Krasnoselkup,RU,2020-11-28 17:04:18,65.7,82.47,-4.58,92,62,7.74,broken clouds
608,Ostrowiec Swietokrzyski,PL,2020-11-28 17:04:18,50.93,21.39,35.01,93,98,1.99,overcast clouds
609,Raha,IN,2020-11-28 17:04:18,26.23,92.52,64.27,86,0,2.71,clear sky
610,Vaitape,PF,2020-11-28 17:04:18,-16.52,-151.75,81.34,76,2,5.68,clear sky
611,Laguna,US,2020-11-28 17:04:18,38.42,-121.42,41.0,86,1,5.41,clear sky
612,Kadoma,JP,2020-11-28 17:04:18,34.73,135.58,48.0,69,78,3.98,broken clouds
613,Nyzhni Sirohozy,UA,2020-11-28 17:04:18,46.85,34.38,44.65,87,100,7.63,overcast clouds
614,Rawson,AR,2020-11-28 16:59:23,-43.3,-65.1,61.95,43,41,14.9,scattered clouds
615,Maloy,NO,2020-11-28 17:04:19,61.94,5.11,42.8,75,75,16.11,light intensity shower rain
616,Abha,SA,2020-11-28 17:04:19,18.22,42.51,62.6,82,0,3.36,clear sky
617,Kashi,CN,2020-11-28 17:04:19,39.45,75.98,28.4,74,0,8.95,clear sky
618,Garowe,SO,2020-11-28 17:04:19,8.41,48.48,78.49,53,48,18.86,scattered clouds
619,Necochea,AR,2020-11-28 17:04:19,-38.55,-58.74,86.13,36,77,6.58,broken clouds
620,Okha,RU,2020-11-28 17:04:19,53.57,142.95,20.66,96,100,8.23,light snow
621,Umm Kaddadah,SD,2020-11-28 17:04:19,13.6,26.69,74.39,20,11,15.37,few clouds
622,Gobabis,NA,2020-11-28 17:04:19,-22.45,18.97,84.2,37,89,8.05,overcast clouds
623,Tambo,PE,2020-11-28 17:04:19,-14.8,-73.92,50.31,54,94,6.82,light rain
624,Sibolga,ID,2020-11-28 17:04:20,1.74,98.78,77.45,80,100,2.91,light rain
625,Liwonde,MW,2020-11-28 17:04:20,-15.05,35.2,83.61,39,66,4.52,broken clouds
626,Basar,IN,2020-11-28 17:04:20,27.98,94.67,55.06,73,0,2.46,clear sky
627,Lubumbashi,CD,2020-11-28 17:04:12,-11.66,27.48,68.58,86,20,4.59,few clouds
628,Cap Malheureux,MU,2020-11-28 17:04:20,-19.98,57.61,75.99,76,5,7.0,clear sky
629,Inverell,AU,2020-11-28 17:04:20,-29.78,151.12,66.99,47,48,1.01,scattered clouds
630,Northam,GB,2020-11-28 17:04:20,51.03,-4.22,53.01,98,100,1.01,overcast clouds
631,Eyrarbakki,IS,2020-11-28 17:04:20,63.86,-21.15,33.8,75,90,17.22,light shower snow
632,Voyvozh,RU,2020-11-28 17:04:21,62.89,54.96,8.37,95,0,3.09,clear sky
633,Yucca Valley,US,2020-11-28 17:04:21,34.11,-116.43,51.01,22,0,1.01,clear sky
634,Saint Anthony,US,2020-11-28 17:04:21,45.02,-93.22,44.01,52,1,6.93,clear sky
635,Simao,CN,2020-11-28 17:04:21,22.79,100.97,53.28,91,6,2.53,clear sky
636,Griffith,US,2020-11-28 17:04:21,41.53,-87.42,42.01,64,1,9.17,clear sky
637,Batsfjord,NO,2020-11-28 17:04:21,70.63,29.72,30.29,93,100,19.86,overcast clouds
638,Coreau,BR,2020-11-28 17:04:21,-3.53,-40.66,94.12,37,58,9.06,broken clouds
639,Barcelos,PT,2020-11-28 16:59:26,41.54,-8.62,59.0,72,40,14.99,light rain
640,Cam Ranh,VN,2020-11-28 17:04:22,11.92,109.16,77.0,94,75,18.34,moderate rain
641,Ostrovnoy,RU,2020-11-28 17:04:22,68.05,39.51,29.5,95,88,26.26,overcast clouds
642,Beira,MZ,2020-11-28 17:04:22,-19.84,34.84,82.4,78,40,12.75,scattered clouds
643,Marathon,US,2020-11-28 17:04:22,44.9,-89.77,37.99,74,1,6.93,clear sky
644,Yangjiang,CN,2020-11-28 17:04:22,21.85,111.97,62.22,67,0,10.02,clear sky
645,Kodinsk,RU,2020-11-28 17:04:22,58.69,99.18,6.53,92,46,2.17,scattered clouds
646,The Pas,CA,2020-11-28 17:03:57,53.83,-101.25,17.6,92,75,2.24,broken clouds
647,Helmsdale,GB,2020-11-28 17:04:22,58.12,-3.65,42.8,87,2,2.24,clear sky
648,Curvelo,BR,2020-11-28 17:04:22,-18.76,-44.43,84.72,41,2,10.25,clear sky
649,Teguise,ES,2020-11-28 17:04:23,29.06,-13.56,71.6,64,40,8.05,scattered clouds
650,Kroya,ID,2020-11-28 17:04:23,-7.63,109.25,64.99,91,100,1.79,heavy intensity rain
651,Sorsk,RU,2020-11-28 17:04:23,54.0,90.25,3.33,91,1,2.75,clear sky
652,Praia Da Vitoria,PT,2020-11-28 17:03:17,38.73,-27.07,55.99,66,75,26.37,light intensity shower rain
653,Ayr,GB,2020-11-28 17:04:23,55.46,-4.63,41.0,80,0,7.16,clear sky
654,Agirish,RU,2020-11-28 17:04:23,61.92,63.02,9.41,96,0,1.9,clear sky
655,Kinablangan,PH,2020-11-28 17:04:23,7.69,126.55,78.03,85,77,6.76,light rain
656,Syava,RU,2020-11-28 17:04:23,58.01,46.32,21.45,97,100,10.0,overcast clouds
657,Ucluelet,CA,2020-11-28 17:00:06,48.93,-125.55,37.4,100,5,6.93,fog
658,George,ZA,2020-11-28 17:04:23,-33.96,22.46,64.4,82,75,2.24,broken clouds
659,Amahai,ID,2020-11-28 17:04:24,-3.33,128.92,84.0,88,99,1.01,overcast clouds
660,Vanino,RU,2020-11-28 17:04:24,49.09,140.25,11.46,81,6,8.23,clear sky
661,Namatanai,PG,2020-11-28 17:04:24,-3.67,152.43,79.5,80,93,5.99,overcast clouds
662,Wadi Maliz,TN,2020-11-28 17:04:24,36.47,8.55,60.8,51,40,8.05,scattered clouds
663,Alta Floresta,BR,2020-11-28 16:59:54,-9.88,-56.09,92.86,41,45,5.08,scattered clouds
664,Dakar,SN,2020-11-28 17:03:07,14.69,-17.44,80.6,51,0,17.22,clear sky
665,Plettenberg Bay,ZA,2020-11-28 17:04:24,-34.05,23.37,63.03,87,96,6.64,light rain
666,Caborca,MX,2020-11-28 17:04:24,30.58,-111.1,59.5,30,0,6.91,clear sky
667,Basco,PH,2020-11-28 17:04:24,20.45,121.97,77.5,78,88,29.97,overcast clouds
668,Brae,GB,2020-11-28 17:04:24,60.4,-1.35,48.2,81,62,12.75,broken clouds
669,Erzurum,TR,2020-11-28 17:01:37,40.0,41.5,32.0,77,75,16.11,broken clouds
670,Pedasi,PA,2020-11-28 17:04:25,7.53,-80.03,81.91,75,36,8.93,scattered clouds
671,Raymondville,US,2020-11-28 17:04:25,26.48,-97.78,82.0,74,90,9.17,overcast clouds
672,Whangamata,NZ,2020-11-28 17:04:25,-37.2,175.87,55.99,78,80,3.0,broken clouds
673,Waipawa,NZ,2020-11-28 17:04:25,-41.41,175.52,55.4,87,100,18.34,moderate rain
674,Sechura,PE,2020-11-28 17:04:25,-5.56,-80.82,78.75,52,64,10.85,broken clouds
675,Kiama,AU,2020-11-28 17:04:25,-34.68,150.87,82.4,45,100,12.75,moderate rain
676,Gibara,CU,2020-11-28 17:04:26,21.11,-76.13,82.4,69,75,9.17,broken clouds
677,Santa Isabel Do Rio Negro,BR,2020-11-28 17:04:26,-0.41,-65.02,84.63,82,83,6.4,broken clouds
678,Farsund,NO,2020-11-28 17:04:26,58.09,6.8,41.0,89,15,11.07,few clouds
679,Vanderhoof,CA,2020-11-28 17:04:26,54.02,-124.02,13.51,95,0,0.45,clear sky
680,Mataram,ID,2020-11-28 17:04:26,-8.58,116.12,78.8,94,75,2.91,broken clouds
681,Mananjary,MG,2020-11-28 17:04:26,-21.22,48.33,76.82,85,35,8.59,scattered clouds
682,Srivardhan,IN,2020-11-28 17:04:26,18.03,73.02,77.59,77,34,1.92,scattered clouds
683,Kitami,JP,2020-11-28 17:04:26,43.8,143.89,33.01,74,51,8.99,broken clouds
